{
    "loss": 24.975849151611328,
    "accuracy": 0.5467625856399536
}